annotator,filename,label,length_mm,num_points,start_x,start_y,end_x,end_y,length_cm,root_id
ac,inv_28_07_02.rsml,root_05,1.6020185,5.0,1987.677,338.26538,1982.7903,356.27576,0.16020185,2c6a56d4-f7b6-4a20-951e-0aa2aca0a885
ac,inv_28_07_02.rsml,root_02,0.6784617,3.0,1027.0,340.95834,1026.3218,348.93427,0.06784617,c971960b-a5ed-4b33-911b-aea113a67f78
ac,inv_28_07_02.rsml,root_01,1.2267184,4.0,712.66516,345.62042,707.8297,359.0207,0.12267184,a94b2690-4836-4d70-aaa5-3a684d62c785
ac,inv_28_07_03.rsml,root_04,2.6289403,6.0,1660.4016,352.33032,1662.9658,377.7326,0.26289403,a98ab9bd-0c44-4391-98c8-0a8d16695fe7
ac,inv_28_07_03.rsml,root_03,1.74227,4.0,1357.2325,352.63123,1353.7642,372.8679,0.174227,c8088be7-fe56-4ebf-aa09-4871fbb7dba2
ac,inv_28_07_03.rsml,root_05,3.273776,8.0,1981.9758,354.91107,1986.9065,392.85004,0.3273776,2c6a56d4-f7b6-4a20-951e-0aa2aca0a885
ac,inv_28_07_03.rsml,root_02,4.5099990000000005,9.0,1024.8762,345.7011,1021.8176,398.51453,0.4509999,c971960b-a5ed-4b33-911b-aea113a67f78
ac,inv_28_07_03.rsml,root_01,5.4889417,13.0,705.4167,360.58334,681.4159,418.26495,0.54889417,a94b2690-4836-4d70-aaa5-3a684d62c785
ac,inv_28_07_04.rsml,root_04,6.846652,13.0,1655.1649,355.5761,1666.0798,433.66074,0.6846652,a98ab9bd-0c44-4391-98c8-0a8d16695fe7
ac,inv_28_07_04.rsml,root_03,6.808522,13.0,1357.2325,352.63123,1359.4258,431.5351,0.6808522,c8088be7-fe56-4ebf-aa09-4871fbb7dba2
ac,inv_28_07_04.rsml,root_05,7.705807,14.0,1982.1323,356.75797,1991.3218,446.36694,0.7705807,2c6a56d4-f7b6-4a20-951e-0aa2aca0a885
ac,inv_28_07_04.rsml,root_02,9.4581556,16.0,1024.8762,345.7011,1028.5321,455.942,0.94581556,c971960b-a5ed-4b33-911b-aea113a67f78
ac,inv_28_07_04.rsml,root_01,12.006139000000001,24.0,705.4167,360.58334,650.375,487.25,1.2006139,a94b2690-4836-4d70-aaa5-3a684d62c785
ac,inv_28_07_05.rsml,root_04,12.091953,20.0,1655.1649,355.5761,1650.0366,493.43402,1.2091953,a98ab9bd-0c44-4391-98c8-0a8d16695fe7
ac,inv_28_07_05.rsml,root_03,12.987063000000001,24.0,1357.2325,352.63123,1359.5,501.5,1.2987063,c8088be7-fe56-4ebf-aa09-4871fbb7dba2
ac,inv_28_07_05.rsml,root_05,10.785694,18.0,1982.1323,356.75797,1984.375,481.625,1.0785694,2c6a56d4-f7b6-4a20-951e-0aa2aca0a885
ac,inv_28_07_05.rsml,root_02,13.40077,22.0,1024.8762,345.7011,1031.125,502.0625,1.340077,c971960b-a5ed-4b33-911b-aea113a67f78
ac,inv_28_07_05.rsml,root_01,16.430006,35.0,705.4167,360.58334,645.125,536.5,1.6430006,a94b2690-4836-4d70-aaa5-3a684d62c785
ac,inv_28_07_06.rsml,root_04,17.046255,28.0,1655.1649,355.5761,1624.6355,544.5968,1.7046255,a98ab9bd-0c44-4391-98c8-0a8d16695fe7
ac,inv_28_07_06.rsml,root_03,19.571798,35.0,1357.2325,352.63123,1355.5,576.5,1.9571798,c8088be7-fe56-4ebf-aa09-4871fbb7dba2
ac,inv_28_07_06.rsml,root_05,11.514185999999999,19.0,1980.4852,362.36325,1976.2397,492.6616,1.1514186,2c6a56d4-f7b6-4a20-951e-0aa2aca0a885
ac,inv_28_07_06.rsml,root_02,15.489142000000001,25.0,1024.8762,345.7011,1029.8192,526.60516,1.5489142,c971960b-a5ed-4b33-911b-aea113a67f78
ac,inv_28_07_06.rsml,root_01,18.649926,38.0,708.15405,357.5237,644.1667,559.0,1.8649926,a94b2690-4836-4d70-aaa5-3a684d62c785
ac,inv_28_07_07.rsml,root_04,21.584751999999998,36.0,1655.1649,355.5761,1611.5383,596.2705,2.1584752,a98ab9bd-0c44-4391-98c8-0a8d16695fe7
ac,inv_28_07_07.rsml,root_03,23.142674,40.0,1354.5596,353.04443,1362.2296,619.4165,2.3142674,c8088be7-fe56-4ebf-aa09-4871fbb7dba2
ac,inv_28_07_07.rsml,root_05,12.924442,22.0,1978.5344,363.9679,1975.3334,509.75,1.2924442,2c6a56d4-f7b6-4a20-951e-0aa2aca0a885
ac,inv_28_07_07.rsml,root_02,16.988795,28.0,1024.8762,345.7011,1037.875,542.125,1.6988795,c971960b-a5ed-4b33-911b-aea113a67f78
ac,inv_28_07_07.rsml,root_01,20.64208,41.0,708.15405,357.5237,640.5,581.9167,2.064208,a94b2690-4836-4d70-aaa5-3a684d62c785
ac,inv_28_07_08.rsml,root_04,26.208817999999997,46.0,1655.1649,355.5761,1598.9094,648.9004,2.6208818,a98ab9bd-0c44-4391-98c8-0a8d16695fe7
ac,inv_28_07_08.rsml,root_03,28.07808,49.0,1354.5596,353.04443,1348.5,674.75,2.807808,c8088be7-fe56-4ebf-aa09-4871fbb7dba2
ac,inv_28_07_08.rsml,root_05,14.821672,25.0,1978.5344,363.9679,1979.375,531.625,1.4821672,2c6a56d4-f7b6-4a20-951e-0aa2aca0a885
ac,inv_28_07_08.rsml,root_02,20.107574,33.0,1024.8762,345.7011,1043.25,578.5,2.0107574,c971960b-a5ed-4b33-911b-aea113a67f78
ac,inv_28_07_08.rsml,root_01,23.798585000000003,45.0,708.15405,357.5237,636.8733,618.478,2.3798585,a94b2690-4836-4d70-aaa5-3a684d62c785
ac,inv_28_07_09.rsml,root_04,30.546756,54.0,1655.1649,355.5761,1583.25,697.0833,3.0546756,a98ab9bd-0c44-4391-98c8-0a8d16695fe7
ac,inv_28_07_09.rsml,root_03,33.82937,57.0,1354.5596,353.04443,1325.7367,738.7329,3.382937,c8088be7-fe56-4ebf-aa09-4871fbb7dba2
ac,inv_28_07_09.rsml,root_05,16.645261,28.0,1978.5344,363.9679,1976.3159,552.9734,1.6645261,2c6a56d4-f7b6-4a20-951e-0aa2aca0a885
ac,inv_28_07_09.rsml,root_02,23.65064,38.0,1024.8762,345.7011,1049.75,619.75,2.365064,c971960b-a5ed-4b33-911b-aea113a67f78
ac,inv_28_07_09.rsml,root_01,27.888212000000003,56.0,708.15405,357.5237,640.375,666.25,2.7888212,a94b2690-4836-4d70-aaa5-3a684d62c785
ac,inv_28_07_10.rsml,root_04,35.588439,63.0,1655.1649,355.5761,1565.1836,753.05945,3.5588439,a98ab9bd-0c44-4391-98c8-0a8d16695fe7
ac,inv_28_07_10.rsml,root_03,40.17203000000001,69.0,1354.5596,353.04443,1299.3733,808.1648,4.017203,c8088be7-fe56-4ebf-aa09-4871fbb7dba2
ac,inv_28_07_10.rsml,root_05,18.572947,32.0,1978.5344,363.9679,1980.3334,574.8333,1.8572947,2c6a56d4-f7b6-4a20-951e-0aa2aca0a885
ac,inv_28_07_10.rsml,root_02,27.795230000000004,43.0,1024.8762,345.7011,1046.25,668.625,2.779523,c971960b-a5ed-4b33-911b-aea113a67f78
ac,inv_28_07_10.rsml,root_01,32.29023,63.0,708.15405,357.5237,622.5261,714.39,3.229023,a94b2690-4836-4d70-aaa5-3a684d62c785
ac,inv_28_07_11.rsml,root_04,40.74331,72.0,1655.1649,355.5761,1556.3334,813.0,4.074331,a98ab9bd-0c44-4391-98c8-0a8d16695fe7
ac,inv_28_07_11.rsml,root_03,45.16745,76.0,1354.5596,353.04443,1287.1666,865.75,4.516745,c8088be7-fe56-4ebf-aa09-4871fbb7dba2
ac,inv_28_07_11.rsml,root_05,20.62722,35.0,1978.5344,363.9679,1981.1528,599.0748,2.062722,2c6a56d4-f7b6-4a20-951e-0aa2aca0a885
ac,inv_28_07_11.rsml,root_02,32.027235,50.0,1024.8762,345.7011,1045.3447,718.3828,3.2027235,c971960b-a5ed-4b33-911b-aea113a67f78
ac,inv_28_07_11.rsml,root_01,37.53911,70.0,708.15405,357.5237,608.93475,774.36035,3.753911,a94b2690-4836-4d70-aaa5-3a684d62c785
ac,inv_28_07_12.rsml,root_04,45.44683499999999,80.0,1655.1649,355.5761,1553.0,868.0,4.5446835,a98ab9bd-0c44-4391-98c8-0a8d16695fe7
ac,inv_28_07_12.rsml,root_03,51.74953000000001,86.0,1354.5596,353.04443,1265.8334,940.3333,5.174953,c8088be7-fe56-4ebf-aa09-4871fbb7dba2
ac,inv_28_07_12.rsml,root_05,22.54258,38.0,1978.5344,363.9679,1981.5,621.6667,2.254258,2c6a56d4-f7b6-4a20-951e-0aa2aca0a885
ac,inv_28_07_12.rsml,root_02,36.842144000000005,57.0,1024.8762,345.7011,1031.8739,772.6781,3.6842144,c971960b-a5ed-4b33-911b-aea113a67f78
ac,inv_28_07_12.rsml,root_01,43.615537,81.0,708.15405,357.5237,594.62537,843.50476,4.3615537,a94b2690-4836-4d70-aaa5-3a684d62c785
ac,inv_28_07_13.rsml,root_04,50.571422999999996,88.0,1655.1649,355.5761,1542.8279,927.47437,5.0571423,a98ab9bd-0c44-4391-98c8-0a8d16695fe7
ac,inv_28_07_13.rsml,root_03,59.15689999999999,96.0,1354.5596,353.04443,1230.1134,1019.99084,5.91569,c8088be7-fe56-4ebf-aa09-4871fbb7dba2
ac,inv_28_07_13.rsml,root_05,24.368093000000002,42.0,1978.5344,363.9679,1992.3334,639.9167,2.4368093,2c6a56d4-f7b6-4a20-951e-0aa2aca0a885
ac,inv_28_07_13.rsml,root_02,42.204547000000005,66.0,1024.8762,345.7011,1017.3462,834.3829,4.2204547,c971960b-a5ed-4b33-911b-aea113a67f78
ac,inv_28_07_13.rsml,root_01,50.337167,92.0,708.15405,357.5237,570.5689,918.56885,5.0337167,a94b2690-4836-4d70-aaa5-3a684d62c785
ac,inv_28_07_14.rsml,root_04,55.683809999999994,96.0,1655.1649,355.5761,1531.2666,986.6846,5.568381,a98ab9bd-0c44-4391-98c8-0a8d16695fe7
ac,inv_28_07_14.rsml,root_03,67.29446,108.0,1354.5596,353.04443,1190.0498,1107.1365,6.729446,c8088be7-fe56-4ebf-aa09-4871fbb7dba2
ac,inv_28_07_14.rsml,root_05,25.910378,46.0,1978.5344,363.9679,1996.875,656.625,2.5910378,2c6a56d4-f7b6-4a20-951e-0aa2aca0a885
ac,inv_28_07_14.rsml,root_02,48.41705,76.0,1024.8762,345.7011,992.26135,902.7158,4.841705,c971960b-a5ed-4b33-911b-aea113a67f78
ac,inv_28_07_14.rsml,root_01,57.731750000000005,102.0,708.15405,357.5237,557.375,1004.875,5.773175,a94b2690-4836-4d70-aaa5-3a684d62c785
ac,inv_28_07_15.rsml,root_04,60.806174000000006,103.0,1655.1649,355.5761,1516.6833,1045.305,6.0806174,a98ab9bd-0c44-4391-98c8-0a8d16695fe7
ac,inv_28_07_15.rsml,root_03,75.22895,120.0,1354.5596,353.04443,1151.5,1192.0,7.522895,c8088be7-fe56-4ebf-aa09-4871fbb7dba2
ac,inv_28_07_15.rsml,root_05,26.645977,48.0,1978.176,371.8623,2001.0,672.25,2.6645977,2c6a56d4-f7b6-4a20-951e-0aa2aca0a885
ac,inv_28_07_15.rsml,root_02,55.064006,86.0,1024.8762,345.7011,978.1357,979.5154,5.5064006,c971960b-a5ed-4b33-911b-aea113a67f78
ac,inv_28_07_15.rsml,root_01,64.91834,112.0,708.15405,357.5237,549.625,1088.75,6.491834,a94b2690-4836-4d70-aaa5-3a684d62c785
AH,inv_28_07_02.rsml,root_05,2.009941,7.0,1986.8064,334.81543,1982.6372,357.47223,0.2009941,80f568a1-462c-499e-af53-3c9fd610c0a3
AH,inv_28_07_02.rsml,root_04,0.26843872,2.0,1665.49,356.6411,1667.4769,359.11182,0.026843872,d13c363b-13cb-49b4-8c5f-1b27308174ac
AH,inv_28_07_02.rsml,root_02,1.3078615,6.0,1031.9995,337.52078,1025.9817,350.90195,0.13078615,f3995c03-c560-4929-97d0-221f9e5ac4eb
AH,inv_28_07_02.rsml,root_01,1.9941224,5.0,712.3258,342.67932,705.3809,364.73917,0.19941224,bf9d1822-bdd5-467a-8477-950dd3c7325f
AH,inv_28_07_03.rsml,root_03,1.8805772,5.0,1357.3623,351.05157,1353.6523,372.93658,0.18805772,0f8e2848-a26f-43fb-b656-e5b09a4d10e4
AH,inv_28_07_03.rsml,root_05,4.4459596,12.0,1982.0,343.5,1986.2119,395.51355,0.44459596,80f568a1-462c-499e-af53-3c9fd610c0a3
AH,inv_28_07_03.rsml,root_04,2.8195829999999997,6.0,1661.8989,352.28485,1662.9033,378.90295,0.2819583,d13c363b-13cb-49b4-8c5f-1b27308174ac
AH,inv_28_07_03.rsml,root_02,4.7386843,13.0,1027.4501,341.93585,1022.6532,397.15686,0.47386843,f3995c03-c560-4929-97d0-221f9e5ac4eb
AH,inv_28_07_03.rsml,root_01,6.3768387,13.0,711.8159,352.38947,681.4174,418.41824,0.63768387,bf9d1822-bdd5-467a-8477-950dd3c7325f
AH,inv_28_07_04.rsml,root_03,6.813536999999999,14.0,1358.5659,350.9845,1359.3904,430.59155,0.6813537,0f8e2848-a26f-43fb-b656-e5b09a4d10e4
AH,inv_28_07_04.rsml,root_05,8.6847526,18.0,1982.0,343.5,1992.0984,444.7479,0.86847526,80f568a1-462c-499e-af53-3c9fd610c0a3
AH,inv_28_07_04.rsml,root_04,6.077274,13.0,1656.7947,362.0583,1666.5515,431.7903,0.6077274,d13c363b-13cb-49b4-8c5f-1b27308174ac
AH,inv_28_07_04.rsml,root_02,9.716457,21.0,1027.4501,341.93585,1028.1831,455.09894,0.9716457,f3995c03-c560-4929-97d0-221f9e5ac4eb
AH,inv_28_07_04.rsml,root_01,12.786584999999999,23.0,714.52014,351.8219,650.9323,485.9345,1.2786585,bf9d1822-bdd5-467a-8477-950dd3c7325f
AH,inv_28_07_05.rsml,root_03,12.719777,23.0,1356.8439,351.3647,1359.8188,498.87305,1.2719777,0f8e2848-a26f-43fb-b656-e5b09a4d10e4
AH,inv_28_07_05.rsml,root_05,10.205865000000001,18.0,1981.189,361.56808,1983.9348,479.71222,1.0205865,80f568a1-462c-499e-af53-3c9fd610c0a3
AH,inv_28_07_05.rsml,root_04,11.142453000000001,20.0,1659.1172,364.3548,1649.6012,492.31253,1.1142453,d13c363b-13cb-49b4-8c5f-1b27308174ac
AH,inv_28_07_05.rsml,root_02,13.015606,26.0,1026.4279,348.23193,1031.1218,500.0569,1.3015606,f3995c03-c560-4929-97d0-221f9e5ac4eb
AH,inv_28_07_05.rsml,root_01,17.057722,30.0,713.71875,351.7074,645.07275,534.3624,1.7057722,bf9d1822-bdd5-467a-8477-950dd3c7325f
AH,inv_28_07_06.rsml,root_03,19.188263,30.0,1355.2664,352.10565,1355.7738,574.80646,1.9188263,0f8e2848-a26f-43fb-b656-e5b09a4d10e4
AH,inv_28_07_06.rsml,root_05,11.084636000000001,19.0,1980.8333,366.62006,1976.9124,492.20682,1.1084636,80f568a1-462c-499e-af53-3c9fd610c0a3
AH,inv_28_07_06.rsml,root_04,16.041703000000002,28.0,1659.1172,364.3548,1624.6295,542.5596,1.6041703,d13c363b-13cb-49b4-8c5f-1b27308174ac
AH,inv_28_07_06.rsml,root_02,15.10993,30.0,1026.4279,348.23193,1029.8594,524.7229,1.510993,f3995c03-c560-4929-97d0-221f9e5ac4eb
AH,inv_28_07_06.rsml,root_01,18.050035,31.0,707.3716,361.55103,644.1002,557.9663,1.8050035,bf9d1822-bdd5-467a-8477-950dd3c7325f
AH,inv_28_07_07.rsml,root_03,22.92743,34.0,1355.2664,352.10565,1362.4861,618.2516,2.292743,0f8e2848-a26f-43fb-b656-e5b09a4d10e4
AH,inv_28_07_07.rsml,root_05,12.559797,21.0,1978.5083,365.2036,1975.0804,507.19818,1.2559797,80f568a1-462c-499e-af53-3c9fd610c0a3
AH,inv_28_07_07.rsml,root_04,20.720387,33.0,1659.1172,364.3548,1612.0513,596.1124,2.0720387,d13c363b-13cb-49b4-8c5f-1b27308174ac
AH,inv_28_07_07.rsml,root_02,16.699106,33.0,1026.4279,348.23193,1037.5641,541.4415,1.6699106,f3995c03-c560-4929-97d0-221f9e5ac4eb
AH,inv_28_07_07.rsml,root_01,20.9295,37.0,712.4347,352.2809,640.87994,580.6127,2.09295,bf9d1822-bdd5-467a-8477-950dd3c7325f
AH,inv_28_07_08.rsml,root_03,27.73933,43.0,1355.2664,352.10565,1350.3002,673.0197,2.773933,0f8e2848-a26f-43fb-b656-e5b09a4d10e4
AH,inv_28_07_08.rsml,root_05,14.680755000000001,24.0,1978.5083,365.2036,1978.9413,530.65393,1.4680755,80f568a1-462c-499e-af53-3c9fd610c0a3
AH,inv_28_07_08.rsml,root_04,25.242884,42.0,1659.1172,364.3548,1599.219,647.6182,2.5242884,d13c363b-13cb-49b4-8c5f-1b27308174ac
AH,inv_28_07_08.rsml,root_02,19.72688,39.0,1026.4279,348.23193,1041.6445,576.9022,1.972688,f3995c03-c560-4929-97d0-221f9e5ac4eb
AH,inv_28_07_08.rsml,root_01,23.962526,41.0,712.4347,352.2809,638.0523,615.8646,2.3962526,bf9d1822-bdd5-467a-8477-950dd3c7325f
AH,inv_28_07_09.rsml,root_03,33.566964,53.0,1355.2664,352.10565,1325.9275,736.9052,3.3566964,0f8e2848-a26f-43fb-b656-e5b09a4d10e4
AH,inv_28_07_09.rsml,root_05,16.537158,27.0,1978.5083,365.2036,1976.8511,552.3252,1.6537158,80f568a1-462c-499e-af53-3c9fd610c0a3
AH,inv_28_07_09.rsml,root_04,29.436296999999996,49.0,1659.1172,364.3548,1584.5226,694.4779,2.9436297,d13c363b-13cb-49b4-8c5f-1b27308174ac
AH,inv_28_07_09.rsml,root_02,23.341284,44.0,1026.4279,348.23193,1049.7559,618.39856,2.3341284,f3995c03-c560-4929-97d0-221f9e5ac4eb
AH,inv_28_07_09.rsml,root_01,28.101242000000003,48.0,712.4347,352.2809,639.99866,664.3302,2.8101242,bf9d1822-bdd5-467a-8477-950dd3c7325f
AH,inv_28_07_10.rsml,root_03,39.961293000000005,64.0,1355.2664,352.10565,1300.1016,807.26697,3.9961293,0f8e2848-a26f-43fb-b656-e5b09a4d10e4
AH,inv_28_07_10.rsml,root_05,16.947274999999998,29.0,1981.0752,382.92865,1980.1953,574.1603,1.6947275,80f568a1-462c-499e-af53-3c9fd610c0a3
AH,inv_28_07_10.rsml,root_04,34.64606,59.0,1659.1172,364.3548,1565.5159,752.79047,3.464606,d13c363b-13cb-49b4-8c5f-1b27308174ac
AH,inv_28_07_10.rsml,root_02,27.510023,50.0,1025.781,349.04306,1045.3018,668.2861,2.7510023,f3995c03-c560-4929-97d0-221f9e5ac4eb
AH,inv_28_07_10.rsml,root_01,32.268665,55.0,710.234,356.43347,622.6139,714.4077,3.2268665,bf9d1822-bdd5-467a-8477-950dd3c7325f
AH,inv_28_07_11.rsml,root_03,44.869394,72.0,1355.2664,352.10565,1287.45,863.8485,4.4869394,0f8e2848-a26f-43fb-b656-e5b09a4d10e4
AH,inv_28_07_11.rsml,root_05,18.894385,32.0,1981.0752,382.92865,1980.8712,597.51874,1.8894385,80f568a1-462c-499e-af53-3c9fd610c0a3
AH,inv_28_07_11.rsml,root_04,39.63327,67.0,1659.1172,364.3548,1556.1562,810.97687,3.963327,d13c363b-13cb-49b4-8c5f-1b27308174ac
AH,inv_28_07_11.rsml,root_02,31.69963,56.0,1025.781,349.04306,1045.4388,717.6542,3.169963,f3995c03-c560-4929-97d0-221f9e5ac4eb
AH,inv_28_07_11.rsml,root_01,36.445840000000004,64.0,706.4878,367.418,609.1593,773.50116,3.644584,bf9d1822-bdd5-467a-8477-950dd3c7325f
AH,inv_28_07_12.rsml,root_03,51.479277999999994,84.0,1355.2664,352.10565,1267.1013,938.4443,5.1479278,0f8e2848-a26f-43fb-b656-e5b09a4d10e4
AH,inv_28_07_12.rsml,root_05,20.857182,36.0,1981.0752,382.92865,1980.9219,620.6166,2.0857182,80f568a1-462c-499e-af53-3c9fd610c0a3
AH,inv_28_07_12.rsml,root_04,44.382753,76.0,1659.1172,364.3548,1551.8674,866.7407,4.4382753,d13c363b-13cb-49b4-8c5f-1b27308174ac
AH,inv_28_07_12.rsml,root_02,36.447759,63.0,1025.781,349.04306,1032.0244,771.4276,3.6447759,f3995c03-c560-4929-97d0-221f9e5ac4eb
AH,inv_28_07_12.rsml,root_01,42.513870000000004,74.0,706.4878,367.418,594.68646,843.1251,4.251387,bf9d1822-bdd5-467a-8477-950dd3c7325f
AH,inv_28_07_13.rsml,root_03,58.97137,97.0,1355.2664,352.10565,1231.095,1018.8374,5.897137,0f8e2848-a26f-43fb-b656-e5b09a4d10e4
AH,inv_28_07_13.rsml,root_05,22.632835,39.0,1981.0752,382.92865,1991.9834,638.8235,2.2632835,80f568a1-462c-499e-af53-3c9fd610c0a3
AH,inv_28_07_13.rsml,root_04,49.49944000000001,86.0,1659.1172,364.3548,1543.2516,926.25336,4.949944,d13c363b-13cb-49b4-8c5f-1b27308174ac
AH,inv_28_07_13.rsml,root_02,41.764717,71.0,1025.781,349.04306,1017.8435,832.5961,4.1764717,f3995c03-c560-4929-97d0-221f9e5ac4eb
AH,inv_28_07_13.rsml,root_01,49.194449999999996,85.0,706.4878,367.418,571.1214,917.7727,4.919445,bf9d1822-bdd5-467a-8477-950dd3c7325f
AH,inv_28_07_14.rsml,root_03,67.22193200000001,110.0,1355.2664,352.10565,1189.9175,1106.6316,6.7221932,0f8e2848-a26f-43fb-b656-e5b09a4d10e4
AH,inv_28_07_14.rsml,root_05,25.301793,45.0,1978.2141,369.33817,1996.1245,655.1023,2.5301793,80f568a1-462c-499e-af53-3c9fd610c0a3
AH,inv_28_07_14.rsml,root_04,54.66912,95.0,1659.1172,364.3548,1531.5303,986.1238,5.466912,d13c363b-13cb-49b4-8c5f-1b27308174ac
AH,inv_28_07_14.rsml,root_02,47.988615,79.0,1025.781,349.04306,992.6782,901.3624,4.7988615,f3995c03-c560-4929-97d0-221f9e5ac4eb
AH,inv_28_07_14.rsml,root_01,56.555834000000004,97.0,706.4878,367.418,557.6314,1003.4174,5.6555834,bf9d1822-bdd5-467a-8477-950dd3c7325f
AH,inv_28_07_15.rsml,root_03,74.969497,121.0,1355.2664,352.10565,1152.3407,1189.8325,7.4969497,0f8e2848-a26f-43fb-b656-e5b09a4d10e4
AH,inv_28_07_15.rsml,root_05,26.735606,47.0,1978.2141,369.33817,2000.8562,670.7887,2.6735606,80f568a1-462c-499e-af53-3c9fd610c0a3
AH,inv_28_07_15.rsml,root_04,59.717865,103.0,1659.1172,364.3548,1516.3947,1043.7461,5.9717865,d13c363b-13cb-49b4-8c5f-1b27308174ac
AH,inv_28_07_15.rsml,root_02,54.72327,90.0,1025.781,349.04306,977.506,978.9394,5.472327,f3995c03-c560-4929-97d0-221f9e5ac4eb
AH,inv_28_07_15.rsml,root_01,64.48184499999999,109.0,709.00385,359.7936,549.3794,1087.509,6.4481845,bf9d1822-bdd5-467a-8477-950dd3c7325f
ar,inv_28_07_01.rsml,root_05,0.28119087,2.0,1984.749,335.5229,1984.7389,338.84402,0.028119087,e7d80afc-3d28-42f9-b731-4bb2b19ee92c
ar,inv_28_07_01.rsml,root_04,0.23459509,2.0,1665.9995,354.52078,1666.1714,357.28625,0.023459509,ad9478f3-c6bc-4eae-977b-c5b69e9c8427
ar,inv_28_07_01.rsml,root_03,0.5370763,2.0,1350.5,348.5,1352.1099,354.63574,0.05370763,33c079cf-d55c-46e5-b569-b4ffaba017f9
ar,inv_28_07_01.rsml,root_02,0.3845571,2.0,1031.5,341.5,1032.4688,345.9375,0.03845571,cd4094ca-1df7-451c-912f-e3bf97290c0e
ar,inv_28_07_01.rsml,root_01,0.121927485,2.0,708.5,348.5,708.5322,349.93973,0.0121927485,7cf622d3-b137-4538-a6a7-090c703413a6
ar,inv_28_07_02.rsml,root_05,1.7159525,5.0,1987.125,337.0625,1982.5188,356.4358,0.17159525,e7d80afc-3d28-42f9-b731-4bb2b19ee92c
ar,inv_28_07_02.rsml,root_04,0.3252446,2.0,1665.9995,354.52078,1666.106,358.36078,0.03252446,ad9478f3-c6bc-4eae-977b-c5b69e9c8427
ar,inv_28_07_02.rsml,root_03,0.5370763,2.0,1350.5,348.5,1352.1099,354.63574,0.05370763,33c079cf-d55c-46e5-b569-b4ffaba017f9
ar,inv_28_07_02.rsml,root_02,0.7312794,2.0,1027.6063,342.2787,1026.0239,350.76965,0.07312794,cd4094ca-1df7-451c-912f-e3bf97290c0e
ar,inv_28_07_02.rsml,root_01,1.7733273,4.0,712.254,344.63986,706.07996,364.6198,0.17733273,7cf622d3-b137-4538-a6a7-090c703413a6
ar,inv_28_07_03.rsml,root_05,4.31703,9.0,1982.0747,343.58167,1986.65,393.97632,0.431703,e7d80afc-3d28-42f9-b731-4bb2b19ee92c
ar,inv_28_07_03.rsml,root_04,2.7166095,7.0,1661.3127,352.0844,1663.189,377.98883,0.27166095,ad9478f3-c6bc-4eae-977b-c5b69e9c8427
ar,inv_28_07_03.rsml,root_03,2.0320536000000002,5.0,1357.2703,349.6182,1354.1814,373.3656,0.20320536,33c079cf-d55c-46e5-b569-b4ffaba017f9
ar,inv_28_07_03.rsml,root_02,4.3189606000000005,10.0,1026.0249,348.81985,1021.90857,399.2962,0.43189606,cd4094ca-1df7-451c-912f-e3bf97290c0e
ar,inv_28_07_03.rsml,root_01,7.120023,13.0,713.6233,346.3225,680.6403,420.33765,0.7120023,7cf622d3-b137-4538-a6a7-090c703413a6
ar,inv_28_07_04.rsml,root_05,8.9072025,14.0,1982.0747,343.58167,1992.1528,447.61658,0.89072025,e7d80afc-3d28-42f9-b731-4bb2b19ee92c
ar,inv_28_07_04.rsml,root_04,7.5103670000000005,12.0,1656.6965,347.91553,1666.0834,434.25,0.7510367,ad9478f3-c6bc-4eae-977b-c5b69e9c8427
ar,inv_28_07_04.rsml,root_03,7.0467734,13.0,1357.2703,349.6182,1359.763,432.25748,0.70467734,33c079cf-d55c-46e5-b569-b4ffaba017f9
ar,inv_28_07_04.rsml,root_02,9.082294,18.0,1026.0249,348.81985,1028.4458,454.54367,0.9082294,cd4094ca-1df7-451c-912f-e3bf97290c0e
ar,inv_28_07_04.rsml,root_01,13.923312000000001,24.0,716.9645,340.26926,650.6382,487.0666,1.3923312,7cf622d3-b137-4538-a6a7-090c703413a6
ar,inv_28_07_05.rsml,root_05,11.867377999999999,20.0,1982.0747,343.58167,1984.5239,481.55038,1.1867378,e7d80afc-3d28-42f9-b731-4bb2b19ee92c
ar,inv_28_07_05.rsml,root_04,12.696468000000001,19.0,1656.6965,347.91553,1650.1973,493.30774,1.2696468,ad9478f3-c6bc-4eae-977b-c5b69e9c8427
ar,inv_28_07_05.rsml,root_03,13.040543,24.0,1357.2703,349.6182,1359.6633,501.44205,1.3040543,33c079cf-d55c-46e5-b569-b4ffaba017f9
ar,inv_28_07_05.rsml,root_02,13.110112,25.0,1026.0249,348.81985,1031.3334,501.66666,1.3110112,cd4094ca-1df7-451c-912f-e3bf97290c0e
ar,inv_28_07_05.rsml,root_01,18.235844,32.0,716.9645,340.26926,645.0,536.1667,1.8235844,7cf622d3-b137-4538-a6a7-090c703413a6
ar,inv_28_07_06.rsml,root_05,12.838582,20.0,1979.5298,346.35742,1976.1666,492.83334,1.2838582,e7d80afc-3d28-42f9-b731-4bb2b19ee92c
ar,inv_28_07_06.rsml,root_04,17.631259,27.0,1656.6965,347.91553,1624.4996,544.41705,1.7631259,ad9478f3-c6bc-4eae-977b-c5b69e9c8427
ar,inv_28_07_06.rsml,root_03,19.326874999999998,36.0,1355.3295,351.92682,1355.5,576.5,1.9326875,33c079cf-d55c-46e5-b569-b4ffaba017f9
ar,inv_28_07_06.rsml,root_02,15.235620999999998,28.0,1026.0249,348.81985,1029.6666,526.6667,1.5235621,cd4094ca-1df7-451c-912f-e3bf97290c0e
ar,inv_28_07_06.rsml,root_01,20.074188999999997,35.0,715.5797,340.18393,644.08875,558.5438,2.0074189,7cf622d3-b137-4538-a6a7-090c703413a6
ar,inv_28_07_07.rsml,root_05,14.208412,23.0,1976.2488,347.89886,1975.2,509.55212,1.4208412,e7d80afc-3d28-42f9-b731-4bb2b19ee92c
ar,inv_28_07_07.rsml,root_04,22.149576999999997,34.0,1656.6965,347.91553,1611.4977,595.8806,2.2149577,ad9478f3-c6bc-4eae-977b-c5b69e9c8427
ar,inv_28_07_07.rsml,root_03,23.023071,42.0,1355.3295,351.92682,1362.2551,619.31396,2.3023071,33c079cf-d55c-46e5-b569-b4ffaba017f9
ar,inv_28_07_07.rsml,root_02,16.676496999999998,31.0,1026.0249,348.81985,1037.5653,541.43384,1.6676497,cd4094ca-1df7-451c-912f-e3bf97290c0e
ar,inv_28_07_07.rsml,root_01,22.078000000000003,39.0,715.5797,340.18393,640.75,581.5,2.2078,7cf622d3-b137-4538-a6a7-090c703413a6
ar,inv_28_07_08.rsml,root_05,16.110462000000002,25.0,1976.2488,347.89886,1979.125,531.625,1.6110462,e7d80afc-3d28-42f9-b731-4bb2b19ee92c
ar,inv_28_07_08.rsml,root_04,26.765794999999997,43.0,1656.6965,347.91553,1599.6163,648.8584,2.6765795,ad9478f3-c6bc-4eae-977b-c5b69e9c8427
ar,inv_28_07_08.rsml,root_03,27.852318,50.0,1355.3295,351.92682,1349.4182,674.3669,2.7852318,33c079cf-d55c-46e5-b569-b4ffaba017f9
ar,inv_28_07_08.rsml,root_02,19.826076,37.0,1026.0249,348.81985,1042.1627,578.3695,1.9826076,cd4094ca-1df7-451c-912f-e3bf97290c0e
ar,inv_28_07_08.rsml,root_01,25.291584,43.0,716.84644,339.9588,637.66907,618.281,2.5291584,7cf622d3-b137-4538-a6a7-090c703413a6
ar,inv_28_07_09.rsml,root_05,17.975264,28.0,1976.2488,347.89886,1976.513,553.4121,1.7975264,e7d80afc-3d28-42f9-b731-4bb2b19ee92c
ar,inv_28_07_09.rsml,root_04,31.056154,51.0,1656.6965,347.91553,1583.7266,696.56146,3.1056154,ad9478f3-c6bc-4eae-977b-c5b69e9c8427
ar,inv_28_07_09.rsml,root_03,33.61188,60.0,1355.3295,351.92682,1326.1917,738.1282,3.361188,33c079cf-d55c-46e5-b569-b4ffaba017f9
ar,inv_28_07_09.rsml,root_02,23.367102000000003,42.0,1026.0249,348.81985,1049.8953,619.4049,2.3367102,cd4094ca-1df7-451c-912f-e3bf97290c0e
ar,inv_28_07_09.rsml,root_01,29.367255999999998,50.0,716.84644,339.9588,640.3101,666.0906,2.9367256,7cf622d3-b137-4538-a6a7-090c703413a6
ar,inv_28_07_10.rsml,root_05,19.854034,33.0,1976.2488,347.89886,1980.0844,574.402,1.9854034,e7d80afc-3d28-42f9-b731-4bb2b19ee92c
ar,inv_28_07_10.rsml,root_04,36.126328,60.0,1656.6965,347.91553,1565.1489,753.0761,3.6126328,ad9478f3-c6bc-4eae-977b-c5b69e9c8427
ar,inv_28_07_10.rsml,root_03,39.970088000000004,70.0,1355.3295,351.92682,1299.8145,807.54333,3.9970088,33c079cf-d55c-46e5-b569-b4ffaba017f9
ar,inv_28_07_10.rsml,root_02,27.537039999999998,48.0,1026.0249,348.81985,1045.8433,668.44446,2.753704,cd4094ca-1df7-451c-912f-e3bf97290c0e
ar,inv_28_07_10.rsml,root_01,33.759449,55.0,716.84644,339.9588,622.9416,714.1636,3.3759449,7cf622d3-b137-4538-a6a7-090c703413a6
ar,inv_28_07_11.rsml,root_05,21.910763000000003,36.0,1976.2488,347.89886,1981.6666,598.6667,2.1910763,e7d80afc-3d28-42f9-b731-4bb2b19ee92c
ar,inv_28_07_11.rsml,root_04,41.18738,68.0,1656.6965,347.91553,1556.4702,812.09705,4.118738,ad9478f3-c6bc-4eae-977b-c5b69e9c8427
ar,inv_28_07_11.rsml,root_03,45.014377,78.0,1355.3295,351.92682,1287.4354,865.4622,4.5014377,33c079cf-d55c-46e5-b569-b4ffaba017f9
ar,inv_28_07_11.rsml,root_02,31.819893999999998,54.0,1026.0249,348.81985,1045.0,718.75,3.1819894,cd4094ca-1df7-451c-912f-e3bf97290c0e
ar,inv_28_07_11.rsml,root_01,39.077837,64.0,716.84644,339.9588,609.3333,775.0,3.9077837,7cf622d3-b137-4538-a6a7-090c703413a6
ar,inv_28_07_12.rsml,root_05,22.94569,38.0,1972.5632,360.28534,1981.7444,620.98157,2.294569,e7d80afc-3d28-42f9-b731-4bb2b19ee92c
ar,inv_28_07_12.rsml,root_04,45.948460000000004,74.0,1656.6965,347.91553,1552.1292,867.7838,4.594846,ad9478f3-c6bc-4eae-977b-c5b69e9c8427
ar,inv_28_07_12.rsml,root_03,51.571918,86.0,1355.3295,351.92682,1266.9238,940.10065,5.1571918,33c079cf-d55c-46e5-b569-b4ffaba017f9
ar,inv_28_07_12.rsml,root_02,36.60456,60.0,1026.0249,348.81985,1031.625,773.125,3.660456,cd4094ca-1df7-451c-912f-e3bf97290c0e
ar,inv_28_07_12.rsml,root_01,45.111856,73.0,716.84644,339.9588,595.1865,843.5521,4.5111856,7cf622d3-b137-4538-a6a7-090c703413a6
ar,inv_28_07_13.rsml,root_05,24.773538,42.0,1972.5632,360.28534,1991.6666,639.6667,2.4773538,e7d80afc-3d28-42f9-b731-4bb2b19ee92c
ar,inv_28_07_13.rsml,root_04,51.054579999999994,80.0,1656.6965,347.91553,1542.8538,927.19226,5.105458,ad9478f3-c6bc-4eae-977b-c5b69e9c8427
ar,inv_28_07_13.rsml,root_03,59.00447,96.0,1355.3295,351.92682,1230.0369,1019.6728,5.900447,33c079cf-d55c-46e5-b569-b4ffaba017f9
ar,inv_28_07_13.rsml,root_02,41.86595,66.0,1026.0249,348.81985,1018.2024,833.84875,4.186595,cd4094ca-1df7-451c-912f-e3bf97290c0e
ar,inv_28_07_13.rsml,root_01,51.805415,81.0,716.84644,339.9588,569.97156,918.40857,5.1805415,7cf622d3-b137-4538-a6a7-090c703413a6
ar,inv_28_07_14.rsml,root_05,26.307487,44.0,1972.5632,360.28534,1996.3455,656.2086,2.6307487,e7d80afc-3d28-42f9-b731-4bb2b19ee92c
ar,inv_28_07_14.rsml,root_04,56.154019999999996,87.0,1656.6965,347.91553,1531.2454,986.2112,5.615402,ad9478f3-c6bc-4eae-977b-c5b69e9c8427
ar,inv_28_07_14.rsml,root_03,67.138176,106.0,1355.3295,351.92682,1190.2373,1107.0131,6.7138176,33c079cf-d55c-46e5-b569-b4ffaba017f9
ar,inv_28_07_14.rsml,root_02,48.09774,76.0,1026.0249,348.81985,992.49146,902.3261,4.809774,cd4094ca-1df7-451c-912f-e3bf97290c0e
ar,inv_28_07_14.rsml,root_01,59.79447999999999,91.0,719.8333,334.33334,557.5,1005.0,5.979448,7cf622d3-b137-4538-a6a7-090c703413a6
ar,inv_28_07_15.rsml,root_05,27.709954,46.0,1972.5632,360.28534,2000.6588,671.99,2.7709954,e7d80afc-3d28-42f9-b731-4bb2b19ee92c
ar,inv_28_07_15.rsml,root_04,61.326494,95.0,1656.6965,347.91553,1517.2817,1045.2959,6.1326494,ad9478f3-c6bc-4eae-977b-c5b69e9c8427
ar,inv_28_07_15.rsml,root_03,75.00402,118.0,1355.3295,351.92682,1152.145,1191.3511,7.500402,33c079cf-d55c-46e5-b569-b4ffaba017f9
ar,inv_28_07_15.rsml,root_02,54.747175999999996,87.0,1026.0249,348.81985,977.4398,979.22943,5.4747176,cd4094ca-1df7-451c-912f-e3bf97290c0e
ar,inv_28_07_15.rsml,root_01,67.017164,102.0,719.8333,334.33334,548.79004,1088.238,6.7017164,7cf622d3-b137-4538-a6a7-090c703413a6
LP,inv_28_07_02.rsml,root_05,1.7467262,6.0,1986.8658,336.15918,1983.0105,355.33286,0.17467262,5c50cc04-fed0-4840-b3f9-a525ae8ac031
LP,inv_28_07_02.rsml,root_04,0.41115270000000004,2.0,1666.301,353.09845,1671.157,353.13995,0.04111527,1f4f2c87-0299-4836-a553-4455e7201c09
LP,inv_28_07_02.rsml,root_03,0.36561124,2.0,1353.0388,348.6126,1353.0056,352.93073,0.036561124,263045e8-404a-4de1-8ea8-8ecd3174dfc4
LP,inv_28_07_02.rsml,root_02,0.7324491399999999,4.0,1028.9641,341.8051,1026.2911,349.3694,0.073244914,9fa3c30b-9ba5-4e97-9479-fe645f6a9cf0
LP,inv_28_07_02.rsml,root_01,1.6621432,5.0,712.6667,344.08334,706.5117,362.58185,0.16621432,44ca7a55-3736-45ec-a62e-13a86575f03f
LP,inv_28_07_03.rsml,root_05,3.5609868000000002,8.0,1981.7498,352.51038,1986.6921,394.01648,0.35609868,5019ddbb-f01e-430f-8783-c51075a23736
LP,inv_28_07_03.rsml,root_04,2.4762642,6.0,1661.7424,352.20972,1662.293,375.0149,0.24762642,1a9fcd7a-0137-4ac2-8d99-800d6a849eb3
LP,inv_28_07_03.rsml,root_03,1.8692671,5.0,1356.9564,350.8589,1353.779,372.6891,0.18692671,fd7408d3-bcb4-48e4-8a30-369bbcb18f58
LP,inv_28_07_03.rsml,root_02,4.9050698,12.0,1026.7303,340.40265,1022.0838,397.6364,0.49050698,2eadf2a0-0a4a-4de3-880f-ffc256c7165b
LP,inv_28_07_03.rsml,root_01,5.501449000000001,10.0,707.18835,357.7929,683.17786,415.64972,0.5501449,849fd138-503d-4783-8193-843a9ff066f8
LP,inv_28_07_04.rsml,root_05,7.959330700000001,13.0,1981.2502,353.48962,1991.9543,446.1925,0.79593307,5531bf7e-98dd-4af7-94dc-772b3c8d8634
LP,inv_28_07_04.rsml,root_04,6.6363746,11.0,1654.9908,357.5952,1666.1418,433.08426,0.66363746,df9327ec-1630-497f-8ee6-5781dba5f860
LP,inv_28_07_04.rsml,root_03,7.607043,12.0,1352.0488,343.98877,1359.3127,430.9954,0.7607043,d426154b-435b-4202-a5b2-e3d0fbd35fb4
LP,inv_28_07_04.rsml,root_02,10.170622,20.0,1029.985,338.71167,1027.5569,455.7401,1.0170622,4b262ea9-b517-4ed6-a705-cfef56a918c2
LP,inv_28_07_04.rsml,root_01,12.923038,23.0,715.5,350.5,650.08746,484.9733,1.2923038,277ecd29-787f-4265-a6cc-49bdc72a8ed6
LP,inv_28_07_05.rsml,root_05,10.474499999999999,15.0,1981.4211,358.1106,1984.0847,479.41986,1.04745,06bad3af-1b10-4ac9-b9bf-f74ad6c097f2
LP,inv_28_07_05.rsml,root_04,12.132775,17.0,1655.6184,355.02795,1650.2428,493.06976,1.2132775,fdf21e3c-d949-4562-904c-60e7366aed31
LP,inv_28_07_05.rsml,root_03,13.23116,20.0,1353.5,347.5,1359.7793,500.34418,1.323116,328e80d8-9238-4108-a643-6a5ae9a26bb8
LP,inv_28_07_05.rsml,root_02,13.215564,19.0,1025.7563,346.05615,1031.352,500.2786,1.3215564,10e6f836-4ee3-4569-aebb-e901eafa1019
LP,inv_28_07_05.rsml,root_01,16.748761000000002,24.0,710.74274,354.5598,644.087,534.86017,1.6748761,2bd0d76c-6d27-4296-883c-34b68492209c
LP,inv_28_07_06.rsml,root_05,11.023623,13.0,1980.7195,366.38013,1976.5554,491.30875,1.1023623,52382065-9216-4c87-b295-2d03adb2d47f
LP,inv_28_07_06.rsml,root_04,16.825962,24.0,1654.469,358.25262,1624.7505,543.6692,1.6825962,9a5c18c7-c45d-4782-b5fb-8104106ce764
LP,inv_28_07_06.rsml,root_03,19.527730000000002,28.0,1355.9976,349.6039,1355.7654,575.6941,1.952773,d5e38cfe-9e78-4209-86aa-03ef5559888e
LP,inv_28_07_06.rsml,root_02,15.569062,21.0,1028.0835,343.55704,1029.9016,525.35156,1.5569062,81d964c6-a938-42d5-a8a0-7c6dcb995417
LP,inv_28_07_06.rsml,root_01,18.199756,29.0,709.2468,360.65588,643.35376,557.07324,1.8199756,73be48e2-9fc6-456c-9c7f-0119d757bfa4
LP,inv_28_07_07.rsml,root_05,12.89442,19.0,1977.499,361.54156,1975.0278,507.3767,1.289442,ac70cd93-ac6a-4f9e-8b5c-5008f354b35a
LP,inv_28_07_07.rsml,root_04,21.281378000000004,32.0,1654.2416,358.38794,1611.7087,595.20874,2.1281378,80736fa3-4c88-4b77-87aa-772eaf5a67a8
LP,inv_28_07_07.rsml,root_03,23.070734,37.0,1354.4155,351.07495,1361.7062,618.48474,2.3070734,41bb7882-8396-4775-82e5-a85813efb119
LP,inv_28_07_07.rsml,root_02,17.029184,24.0,1026.0737,342.01685,1036.579,539.11597,1.7029184,6f833ef0-cfd8-410b-a164-91fb2d28efde
LP,inv_28_07_07.rsml,root_01,20.596135000000004,29.0,710.2546,354.4524,640.2683,578.697,2.0596135,032389f1-0a9b-4e7f-87f5-311210b0c672
LP,inv_28_07_08.rsml,root_05,14.819134,23.0,1976.0394,361.6947,1978.9976,530.225,1.4819134,1d0cfc1b-f6d3-41e8-90b8-45f508207148
LP,inv_28_07_08.rsml,root_04,25.741289,36.0,1654.0612,359.73972,1599.7513,647.40717,2.5741289,dcdffa2b-6c72-4aa8-91df-9a71c0366387
LP,inv_28_07_08.rsml,root_03,28.03822,43.0,1354.9542,349.97607,1349.9731,673.5419,2.803822,54e8708d-4e5d-442e-a67d-651934880cba
LP,inv_28_07_08.rsml,root_02,19.806975,23.0,1025.6057,346.5132,1042.3069,576.1175,1.9806975,280814ff-c08a-415d-9d69-ade988225e50
LP,inv_28_07_08.rsml,root_01,23.237317,37.0,707.45776,361.78748,636.9352,617.71924,2.3237317,2ad54dd8-428d-4695-ba62-ec4c65f47faf
ym,inv_28_07_01.rsml,root_05,0.058049904,2.0,1985.0234,337.78513,1984.8125,338.4375,0.0058049904,834e31dc-8431-4341-899c-1537000d5990
ym,inv_28_07_01.rsml,root_04,0.10273710999999999,2.0,1665.6208,356.12595,1665.5,357.33334,0.010273711,37a3bf60-ecae-49d3-8059-b7c20705459b
ym,inv_28_07_01.rsml,root_03,0.14435323,2.0,1353.0356,352.88342,1353.1666,354.58334,0.014435323,c1ab9951-8cef-42dc-89cf-13d688be03e1
ym,inv_28_07_01.rsml,root_02,0.16933332999999998,2.0,1032.875,344.625,1032.875,346.625,0.016933333,2ba6ec22-654a-4bb2-9f77-d0ccbd45bbf1
ym,inv_28_07_01.rsml,root_01,0.11015232999999999,2.0,708.3236,349.32404,708.3125,350.625,0.011015233,1f48e849-fb01-429f-88cd-f8964a56fda3
ym,inv_28_07_02.rsml,root_05,1.7093165,4.0,1987.6875,338.5625,1982.7002,357.6532,0.17093165,dfd00355-713d-47d2-9e1e-c9de2600ddae
ym,inv_28_07_02.rsml,root_04,0.36893960000000003,2.0,1663.375,353.75,1664.0,358.0625,0.03689396,0f8beb93-64a4-42ae-b6ff-21c7a4be1a7b
ym,inv_28_07_02.rsml,root_03,0.11554463,2.0,1352.1577,352.58444,1351.5625,353.8125,0.011554463,1f370ce0-797e-42bc-b4cf-edd3f509b1d7
ym,inv_28_07_02.rsml,root_02,1.09842405,3.0,1028.9166,338.83334,1025.6846,350.9513,0.109842405,fa0bb6f9-934d-4a51-af24-92f4df40a691
ym,inv_28_07_02.rsml,root_01,1.8295784000000002,4.0,712.3125,344.6875,706.0146,365.08447,0.18295784,6517a58d-14aa-400b-ab2c-20ef8d2e6d65
ym,inv_28_07_03.rsml,root_05,4.2802736,4.0,1981.875,344.0,1986.6416,394.034,0.42802736,dfd00355-713d-47d2-9e1e-c9de2600ddae
ym,inv_28_07_03.rsml,root_04,2.734933,6.0,1662.4586,378.78607,1660.6438,352.34113,0.2734933,0f8beb93-64a4-42ae-b6ff-21c7a4be1a7b
ym,inv_28_07_03.rsml,root_03,1.9206448,2.0,1357.1556,350.25208,1354.25,372.75,0.19206448,1f370ce0-797e-42bc-b4cf-edd3f509b1d7
ym,inv_28_07_03.rsml,root_02,4.987163499999999,3.0,1027.125,340.5,1023.5,398.75,0.49871635,fa0bb6f9-934d-4a51-af24-92f4df40a691
ym,inv_28_07_03.rsml,root_01,6.860659999999999,7.0,713.49915,346.72888,681.4838,418.65497,0.686066,6517a58d-14aa-400b-ab2c-20ef8d2e6d65
ym,inv_28_07_04.rsml,root_05,8.792972,5.0,1981.875,344.0,1992.1666,446.66666,0.8792972,dfd00355-713d-47d2-9e1e-c9de2600ddae
ym,inv_28_07_04.rsml,root_04,6.7955464,8.0,1666.125,432.59375,1655.5,355.0,0.67955464,0f8beb93-64a4-42ae-b6ff-21c7a4be1a7b
ym,inv_28_07_04.rsml,root_03,6.985878,6.0,1357.1556,350.25208,1359.3334,431.91666,0.6985878,1f370ce0-797e-42bc-b4cf-edd3f509b1d7
ym,inv_28_07_04.rsml,root_02,9.567056000000001,12.0,1026.5,341.875,1028.0834,453.25,0.9567056,fa0bb6f9-934d-4a51-af24-92f4df40a691
ym,inv_28_07_04.rsml,root_01,13.209755000000001,10.0,715.7579,348.91165,650.2582,487.07343,1.3209755,6517a58d-14aa-400b-ab2c-20ef8d2e6d65
ym,inv_28_07_05.rsml,root_05,11.888652,9.0,1981.875,344.0,1984.5,482.0,1.1888652,dfd00355-713d-47d2-9e1e-c9de2600ddae
ym,inv_28_07_05.rsml,root_04,12.082682,11.0,1650.3246,492.95447,1655.5,355.0,1.2082682,0f8beb93-64a4-42ae-b6ff-21c7a4be1a7b
ym,inv_28_07_05.rsml,root_03,12.949641999999999,10.0,1357.1556,350.25208,1359.5452,500.65372,1.2949642,1f370ce0-797e-42bc-b4cf-edd3f509b1d7
ym,inv_28_07_05.rsml,root_02,13.572683000000001,14.0,1026.5,341.875,1031.4166,500.08334,1.3572683,fa0bb6f9-934d-4a51-af24-92f4df40a691
ym,inv_28_07_05.rsml,root_01,17.449460000000002,17.0,715.7579,348.91165,644.6875,534.875,1.744946,6517a58d-14aa-400b-ab2c-20ef8d2e6d65
ym,inv_28_07_06.rsml,root_05,12.447569999999999,10.0,1979.8256,351.15277,1976.0,492.125,1.244757,dfd00355-713d-47d2-9e1e-c9de2600ddae
ym,inv_28_07_06.rsml,root_04,16.897811,16.0,1625.0,542.9375,1655.5,355.0,1.6897811,0f8beb93-64a4-42ae-b6ff-21c7a4be1a7b
ym,inv_28_07_06.rsml,root_03,19.099694,15.0,1355.198,353.01318,1355.685,574.9586,1.9099694,1f370ce0-797e-42bc-b4cf-edd3f509b1d7
ym,inv_28_07_06.rsml,root_02,15.800134,16.0,1026.5,341.875,1029.75,526.3333,1.5800134,fa0bb6f9-934d-4a51-af24-92f4df40a691
ym,inv_28_07_06.rsml,root_01,19.261808000000002,17.0,713.3114,351.27325,644.25,559.25,1.9261808,6517a58d-14aa-400b-ab2c-20ef8d2e6d65
ym,inv_28_07_07.rsml,root_05,12.827648,12.0,1979.125,363.25,1974.875,508.5,1.2827648,dfd00355-713d-47d2-9e1e-c9de2600ddae
ym,inv_28_07_07.rsml,root_04,21.46518,22.0,1611.5,594.6875,1655.5,355.0,2.146518,0f8beb93-64a4-42ae-b6ff-21c7a4be1a7b
ym,inv_28_07_07.rsml,root_03,22.879982000000002,18.0,1355.198,353.01318,1361.6876,618.7636,2.2879982,1f370ce0-797e-42bc-b4cf-edd3f509b1d7
ym,inv_28_07_07.rsml,root_02,17.228396,16.0,1026.5,341.875,1037.1875,541.0072,1.7228396,fa0bb6f9-934d-4a51-af24-92f4df40a691
ym,inv_28_07_07.rsml,root_01,21.10194,19.0,713.3114,351.27325,640.8333,580.3333,2.110194,6517a58d-14aa-400b-ab2c-20ef8d2e6d65
ym,inv_28_07_08.rsml,root_05,14.721624,14.0,1979.125,363.25,1979.125,530.5,1.4721624,dfd00355-713d-47d2-9e1e-c9de2600ddae
ym,inv_28_07_08.rsml,root_04,26.101038000000003,30.0,1599.2483,647.7381,1655.5,355.0,2.6101038,0f8beb93-64a4-42ae-b6ff-21c7a4be1a7b
ym,inv_28_07_08.rsml,root_03,27.690462999999998,23.0,1355.198,353.01318,1349.758,673.7051,2.7690463,1f370ce0-797e-42bc-b4cf-edd3f509b1d7
ym,inv_28_07_08.rsml,root_02,20.365160000000003,20.0,1026.5,341.875,1042.625,577.25,2.036516,fa0bb6f9-934d-4a51-af24-92f4df40a691
ym,inv_28_07_08.rsml,root_01,24.464142,23.0,713.3114,351.27325,637.5833,619.25,2.4464142,6517a58d-14aa-400b-ab2c-20ef8d2e6d65
ym,inv_28_07_09.rsml,root_05,16.390688,14.0,1978.0,367.0,1976.442,553.2661,1.6390688,dfd00355-713d-47d2-9e1e-c9de2600ddae
ym,inv_28_07_09.rsml,root_04,30.444795999999997,35.0,1584.0713,696.2131,1655.5,355.0,3.0444796,0f8beb93-64a4-42ae-b6ff-21c7a4be1a7b
ym,inv_28_07_09.rsml,root_03,33.457665,31.0,1355.198,353.01318,1326.0834,737.1667,3.3457665,1f370ce0-797e-42bc-b4cf-edd3f509b1d7
ym,inv_28_07_09.rsml,root_02,24.010820000000002,26.0,1026.5,341.875,1049.6666,618.9167,2.401082,fa0bb6f9-934d-4a51-af24-92f4df40a691
ym,inv_28_07_09.rsml,root_01,28.389788,30.0,713.3114,351.27325,639.5,665.5,2.8389788,6517a58d-14aa-400b-ab2c-20ef8d2e6d65
ym,inv_28_07_10.rsml,root_05,18.308892,19.0,1978.0,367.0,1979.5388,574.06085,1.8308892,dfd00355-713d-47d2-9e1e-c9de2600ddae
ym,inv_28_07_10.rsml,root_04,35.452175000000004,42.0,1655.5,355.0,1564.9166,751.5,3.5452175,0f8beb93-64a4-42ae-b6ff-21c7a4be1a7b
ym,inv_28_07_10.rsml,root_03,39.889033,40.0,1355.198,353.01318,1299.3938,807.56555,3.9889033,1f370ce0-797e-42bc-b4cf-edd3f509b1d7
ym,inv_28_07_10.rsml,root_02,28.169994,32.0,1026.5,341.875,1045.8978,667.79834,2.8169994,fa0bb6f9-934d-4a51-af24-92f4df40a691
ym,inv_28_07_10.rsml,root_01,32.773502,36.0,713.3114,351.27325,622.8125,713.25,3.2773502,6517a58d-14aa-400b-ab2c-20ef8d2e6d65
ym,inv_28_07_11.rsml,root_05,20.38957,22.0,1978.0,367.0,1981.5,599.0,2.038957,dfd00355-713d-47d2-9e1e-c9de2600ddae
ym,inv_28_07_11.rsml,root_04,40.626205999999996,50.0,1655.5,355.0,1556.0834,811.9167,4.0626206,0f8beb93-64a4-42ae-b6ff-21c7a4be1a7b
ym,inv_28_07_11.rsml,root_03,44.96798,48.0,1355.198,353.01318,1287.1666,866.0,4.496798,1f370ce0-797e-42bc-b4cf-edd3f509b1d7
ym,inv_28_07_11.rsml,root_02,32.46664,39.0,1026.5,341.875,1045.074,718.4072,3.246664,fa0bb6f9-934d-4a51-af24-92f4df40a691
ym,inv_28_07_11.rsml,root_01,38.20222,46.0,713.3114,351.27325,609.0417,775.3333,3.820222,6517a58d-14aa-400b-ab2c-20ef8d2e6d65
ym,inv_28_07_12.rsml,root_05,22.243907,26.0,1978.0,367.0,1981.625,620.4583,2.2243907,dfd00355-713d-47d2-9e1e-c9de2600ddae
ym,inv_28_07_12.rsml,root_04,45.396814,55.0,1655.5,355.0,1552.1404,867.8306,4.5396814,0f8beb93-64a4-42ae-b6ff-21c7a4be1a7b
ym,inv_28_07_12.rsml,root_03,51.409254000000004,56.0,1355.198,353.01318,1266.9166,939.25,5.1409254,1f370ce0-797e-42bc-b4cf-edd3f509b1d7
ym,inv_28_07_12.rsml,root_02,37.192280000000004,45.0,1026.5,341.875,1031.6833,772.2352,3.719228,fa0bb6f9-934d-4a51-af24-92f4df40a691
ym,inv_28_07_12.rsml,root_01,44.179688,55.0,713.3114,351.27325,595.125,843.125,4.4179688,6517a58d-14aa-400b-ab2c-20ef8d2e6d65
ym,inv_28_07_13.rsml,root_05,24.040542000000002,30.0,1978.0,367.0,1991.9435,638.90027,2.4040542,dfd00355-713d-47d2-9e1e-c9de2600ddae
ym,inv_28_07_13.rsml,root_04,50.436325000000004,64.0,1655.5,355.0,1543.4166,926.4167,5.0436325,0f8beb93-64a4-42ae-b6ff-21c7a4be1a7b
ym,inv_28_07_13.rsml,root_03,58.85346,66.0,1355.198,353.01318,1230.1666,1019.0,5.885346,1f370ce0-797e-42bc-b4cf-edd3f509b1d7
ym,inv_28_07_13.rsml,root_02,42.536283,51.0,1026.5,341.875,1017.7332,834.2176,4.2536283,fa0bb6f9-934d-4a51-af24-92f4df40a691
ym,inv_28_07_13.rsml,root_01,50.92857000000001,66.0,713.3114,351.27325,570.8333,918.5,5.092857,6517a58d-14aa-400b-ab2c-20ef8d2e6d65
ym,inv_28_07_14.rsml,root_05,25.411847,34.0,1978.5834,369.66666,1996.25,656.0,2.5411847,dfd00355-713d-47d2-9e1e-c9de2600ddae
ym,inv_28_07_14.rsml,root_04,55.65134,70.0,1655.5,355.0,1531.3125,986.75,5.565134,0f8beb93-64a4-42ae-b6ff-21c7a4be1a7b
ym,inv_28_07_14.rsml,root_03,67.01116999999999,77.0,1355.198,353.01318,1190.25,1106.5,6.701117,1f370ce0-797e-42bc-b4cf-edd3f509b1d7
ym,inv_28_07_14.rsml,root_02,48.756842999999996,61.0,1026.5,341.875,992.3987,902.776,4.8756843,fa0bb6f9-934d-4a51-af24-92f4df40a691
ym,inv_28_07_14.rsml,root_01,58.19727,76.0,714.5978,352.95062,558.0,1004.375,5.819727,6517a58d-14aa-400b-ab2c-20ef8d2e6d65
ym,inv_28_07_15.rsml,root_05,26.909022,35.0,1978.5834,369.66666,2000.75,672.375,2.6909022,dfd00355-713d-47d2-9e1e-c9de2600ddae
ym,inv_28_07_15.rsml,root_04,60.79127,77.0,1655.5,355.0,1516.9366,1045.6011,6.079127,0f8beb93-64a4-42ae-b6ff-21c7a4be1a7b
ym,inv_28_07_15.rsml,root_03,74.834304,88.0,1355.198,353.01318,1151.3099,1190.0345,7.4834304,1f370ce0-797e-42bc-b4cf-edd3f509b1d7
ym,inv_28_07_15.rsml,root_02,55.364585000000005,71.0,1026.5,341.875,978.01843,979.5325,5.5364585,fa0bb6f9-934d-4a51-af24-92f4df40a691
ym,inv_28_07_15.rsml,root_01,65.375433,86.0,714.5978,352.95062,549.3125,1088.1875,6.5375433,6517a58d-14aa-400b-ab2c-20ef8d2e6d65
